vendor,cieTradeCount,priorCount,currentCount,pct,priorMonth,currentMonth
Waste Connections,0,1622,2191,135.1,Dec 2025,Jan 2026
Hamilton Alliance,0,111,164,147.7,Dec 2025,Jan 2026
VLS Environmental Solutions,0,110,2,1.8,Dec 2025,Jan 2026
Standard Waste Services,0,110,173,157.3,Dec 2025,Jan 2026
Burrtec Waste Industries,0,96,21,21.9,Dec 2025,Jan 2026
Active Waste Solutions,0,72,94,130.6,Dec 2025,Jan 2026
Win Waste Innovations,0,59,103,174.6,Dec 2025,Jan 2026
Navajo Sanitation,0,42,0,0.0,Dec 2025,Jan 2026
Delta Waste Solutions,0,39,55,141.0,Dec 2025,Jan 2026
Recology,0,39,51,130.8,Dec 2025,Jan 2026
F and L Construction Inc,0,31,0,0.0,Dec 2025,Jan 2026
E.L. Harvey & Sons,0,30,6,20.0,Dec 2025,Jan 2026
Apex Waste,0,25,166,664.0,Dec 2025,Jan 2026
Nexus Disposal,0,25,51,204.0,Dec 2025,Jan 2026
Metalpro,0,21,36,171.4,Dec 2025,Jan 2026
"RDT, Inc.",0,21,1,4.8,Dec 2025,Jan 2026
Murreys Disposal,0,19,48,252.6,Dec 2025,Jan 2026
Solid Waste Authority,0,19,25,131.6,Dec 2025,Jan 2026
Moore Coal,0,18,0,0.0,Dec 2025,Jan 2026
E.J. Harrison & Sons,0,17,1,5.9,Dec 2025,Jan 2026
Liberty Disposal,0,15,19,126.7,Dec 2025,Jan 2026
City Waste,0,15,23,153.3,Dec 2025,Jan 2026
ABC Waste Of Savannah,0,14,19,135.7,Dec 2025,Jan 2026
Lex Serv,0,13,1,7.7,Dec 2025,Jan 2026
Complete Solutions & Sourcing,0,13,28,215.4,Dec 2025,Jan 2026
JLT Trucking,0,13,17,130.8,Dec 2025,Jan 2026
Fogle's,0,12,1,8.3,Dec 2025,Jan 2026
Amber Disposal,0,12,0,0.0,Dec 2025,Jan 2026
Ameriwaste,0,11,0,0.0,Dec 2025,Jan 2026
Zarc Recycling,0,11,16,145.5,Dec 2025,Jan 2026
Western Elite,0,10,14,140.0,Dec 2025,Jan 2026
UDP TN Hauling,0,10,14,140.0,Dec 2025,Jan 2026
